variable,replicate,drug
13.480705960292752,180807_paBBT_fg,Control
34.55454062579385,180807_paBBT_fg,Control
31.556261944951654,180807_paBBT_fg,Control
23.0440698939668,180807_paBBT_fg,Control
17.972489587904253,180807_paBBT_fg,Control
12.015603505774902,180807_paBBT_fg,Control
19.256914718736603,180807_paBBT_fg,Control
27.815008969494247,180807_paBBT_fg,Control
14.952991965430751,180807_paBBT_fg,Control
9.342251426288902,180807_paBBT_fg,Control
31.370556891902147,180807_paBBT_fg,Control
13.591313759562947,180807_paBBT_fg,Control
27.941047753266556,180807_paBBT_fg,Control
33.56828961973435,180807_paBBT_fg,Control
27.699099513701398,180807_paBBT_fg,Control
31.766581135188048,180807_paBBT_fg,Control
39.068800159670346,180807_paBBT_fg,Control
34.7293565197862,180807_paBBT_fg,Control
36.9336168250003,180807_paBBT_fg,Control
28.93079440858305,180807_paBBT_fg,Control
11.0982712570858,180807_paBBT_fg,Control
26.2079479052126,180807_paBBT_fg,Control
20.8352867261019,180807_paBBT_fg,Control
17.23362426949955,180807_paBBT_fg,Control
19.59846957020265,180807_paBBT_fg,Control
22.923746779811353,180807_paBBT_fg,Control
40.537320868364645,180807_paBBT_fg,Control
27.307650822491198,180807_paBBT_fg,Control
27.425257940672648,180807_paBBT_fg,Control
36.83059561626115,180807_paBBT_fg,Control
15.290692269515398,180807_paBBT_fg,Control
30.140327008167,180807_paBBT_fg,Control
37.571857832942946,180807_paBBT_fg,Control
34.80388931805985,180807_paBBT_fg,Control
39.41241367682991,180807_paBBT_fg,Control
8.81061159573545,180807_paBBT_fg,Control
12.2990879908315,180807_paBBT_fg,Control
25.192416832294395,180807_paBBT_fg,Control
26.0664177753137,180807_paBBT_fg,Control
15.19690196845565,180807_paBBT_fg,Control
24.079127335118397,180807_paBBT_fg,Control
8.10771094735975,180807_paBBT_fg,Control
32.99401404121255,180807_paBBT_fg,Control
27.16186547218235,180807_paBBT_fg,Control
24.30637078823005,180807_paBBT_fg,Control
35.45533031557615,180807_paBBT_fg,Control
41.24519514778965,180807_paBBT_fg,Control
7.368501982688999,180807_paBBT_fg,Control
16.9459933752038,180807_paBBT_fg,Control
27.98137779691155,180807_paBBT_fg,Control
38.724113189664294,180807_paBBT_fg,Control
30.465558361575397,180807_paBBT_fg,Control
26.241897042428796,180807_paBBT_fg,Control
12.0674792304092,180807_paBBT_fg,Control
11.6226943000955,180807_paBBT_fg,Control
20.84969387560795,180807_paBBT_fg,Control
10.5378769330465,180807_paBBT_fg,Control
36.9194648199672,180807_paBBT_fg,Control
28.130191623289196,180807_paBBT_fg,Control
32.2029472685658,180807_paBBT_fg,Control
12.726785636081999,180807_paBBT_fg,Control
9.372590180307999,180807_paBBT_fg,Control
3.21768344429015,180807_paBBT_fg,Control
24.737293037781054,180807_paBBT_fg,Control
6.8901959076354995,180807_paBBT_fg,Control
35.33471688184545,180807_paBBT_fg,Control
19.150174099672,180807_paBBT_fg,Control
23.02723892848015,180807_paBBT_fg,Control
11.75868087179505,180807_paBBT_fg,Control
21.66678194241155,180807_paBBT_fg,Control
23.0664776620982,180807_paBBT_fg,Control
29.11983394164045,180807_paBBT_fg,Control
30.869279460082748,180807_paBBT_fg,Control
27.095836429058252,180807_paBBT_fg,Control
22.8930441217256,180807_paBBT_fg,Control
34.458123148626555,180807_paBBT_fg,Control
21.90603257175095,180807_paBBT_fg,Control
41.38166010429195,180807_paBBT_fg,Control
28.7951073626949,180807_paBBT_fg,Control
30.790939930794746,180807_paBBT_fg,Control
23.706821243512053,180807_paBBT_fg,Control
15.768585884765448,180807_paBBT_fg,Control
30.8686731241008,180807_paBBT_fg,Control
17.31545027380975,180807_paBBT_fg,Control
10.3365268663777,180807_paBBT_fg,Control
21.94707884218305,180807_paBBT_fg,Control
20.205737197999053,180807_paBBT_fg,Control
7.85887015607865,180807_paBBT_fg,Control
33.71172510744961,180807_paBBT_fg,Control
17.43320559303915,180807_paBBT_fg,Control
12.651314997950447,180807_paBBT_fg,Control
18.373795626901,180807_paBBT_fg,Control
31.3741534118208,180807_paBBT_fg,Control
27.791787267635854,180807_paBBT_fg,Control
33.41218879484255,180807_paBBT_fg,Control
42.00604144340825,180807_paBBT_fg,Control
42.75739373989175,180807_paBBT_fg,Control
16.97134255111305,180807_paBBT_fg,Control
30.59980684799185,180807_paBBT_fg,Control
6.1400535861722,180807_paBBT_fg,Control
21.791973692153,180807_paBBT_fg,Control
40.19375910563415,180807_paBBT_fg,Control
39.83930405943005,180807_paBBT_fg,Control
17.6299492867548,180807_paBBT_fg,Control
30.536134327749753,180807_paBBT_fg,Control
3.5271055358728,180807_paBBT_fg,Control
21.7348939167305,180807_paBBT_fg,Control
39.49529798731754,180807_paBBT_fg,Control
39.4771006097247,180807_paBBT_fg,Control
18.134159796442802,180807_paBBT_fg,Control
35.74596545146175,180807_paBBT_fg,Control
11.5911577849623,180807_paBBT_fg,Control
27.258832706797698,180807_paBBT_fg,Control
18.8876640962823,180807_paBBT_fg,Control
32.8327875351563,180807_paBBT_fg,Control
8.382633299776598,180807_paBBT_fg,Control
16.770979606499402,180807_paBBT_fg,Control
25.157772039245753,180807_paBBT_fg,Control
42.15542566066435,180807_paBBT_fg,Control
31.907356959010553,180807_paBBT_fg,Control
13.241940581079051,180807_paBBT_fg,Control
2.7746625104715,180807_paBBT_fg,Control
35.24261216709955,180807_paBBT_fg,Control
33.278643894593294,180807_paBBT_fg,Control
15.787124530806649,180807_paBBT_fg,Control
25.069543056543246,180807_paBBT_fg,Control
35.9552051108599,180807_paBBT_fg,Control
26.77599906903025,180807_paBBT_fg,Control
30.186089380158197,180807_paBBT_fg,Control
4.417338628490749,180807_paBBT_fg,Control
14.66322251879465,180807_paBBT_fg,Control
25.796591017742397,180807_paBBT_fg,Control
27.66940967340275,180807_paBBT_fg,Control
29.91206531338645,180807_paBBT_fg,Control
28.256167739955647,180807_paBBT_fg,Control
29.375924292814194,180807_paBBT_fg,Control
32.77582974297055,180807_paBBT_fg,Control
28.779045884703052,180807_paBBT_fg,Control
37.843471122847205,180807_paBBT_fg,Control
43.04667523005945,180807_paBBT_fg,Control
37.94802588583514,180807_paBBT_fg,Control
41.02429218939886,180807_paBBT_fg,Control
27.05886058701325,180807_paBBT_fg,Control
30.47520998128615,180807_paBBT_fg,Control
34.77536245486965,180807_paBBT_fg,Control
26.49569477345175,180807_paBBT_fg,Control
20.02299305437275,180807_paBBT_fg,Control
2.99069190172215,180807_paBBT_fg,Control
33.3759252677957,180807_paBBT_fg,Control
33.880011316272444,180807_paBBT_fg,Control
12.9772892785808,180807_paBBT_fg,Control
19.0935908008218,180807_paBBT_fg,Control
31.582116621752753,180807_paBBT_fg,Control
29.868747397123446,180807_paBBT_fg,Control
10.117641649937802,180807_paBBT_fg,Control
29.30842175335625,180807_paBBT_fg,Control
23.554020162694897,180807_paBBT_fg,Control
30.587062783115005,180807_paBBT_fg,Control
30.024749974171556,180807_paBBT_fg,Control
18.8311901312407,180807_paBBT_fg,Control
7.2336427990106005,180807_paBBT_fg,Control
14.8816245011758,180807_paBBT_fg,Control
22.874766430316,180807_paBBT_fg,Control
33.26046646240225,180807_paBBT_fg,Control
27.998269269318854,180807_paBBT_fg,Control
30.3776722048031,180807_paBBT_fg,Control
36.0667781014496,180807_paBBT_fg,Control
35.77272487851755,180807_paBBT_fg,Control
21.85166552873555,180807_paBBT_fg,Control
7.263654297679902,180807_paBBT_fg,Control
10.64167070326235,180807_paBBT_fg,Control
35.671703498281204,180807_paBBT_fg,Control
10.873838923874748,180807_paBBT_fg,Control
33.067055366948246,180807_paBBT_fg,Control
40.8826039909852,180807_paBBT_fg,Control
14.860959947927302,180807_paBBT_fg,Control
8.2842071111538,180807_paBBT_fg,Control
14.5202547648159,180807_paBBT_fg,Control
16.2944891960778,180807_paBBT_fg,Control
21.096237553980945,180807_paBBT_fg,Control
39.00343760987515,180807_paBBT_fg,Control
18.485376526993,180807_paBBT_fg,Control
18.20132861870915,180807_paBBT_fg,Control
28.655463461346553,180807_paBBT_fg,Control
35.26169787049595,180807_paBBT_fg,Control
42.96596986594525,180807_paBBT_fg,Control
29.8796783797271,180807_paBBT_fg,Control
21.5948458842342,180807_paBBT_fg,Control
37.1107572191217,180807_paBBT_fg,Control
8.229655083861651,180807_paBBT_fg,Control
33.183983227048856,180807_paBBT_fg,Control
30.326093204391803,180807_paBBT_fg,Control
36.4910052120054,180807_paBBT_fg,Control
12.881067141149249,180807_paBBT_fg,Control
30.666576352243858,180807_paBBT_fg,Control
12.129662780675252,180807_paBBT_fg,Control
37.086392532339644,180807_paBBT_fg,Control
20.4812103949984,180807_paBBT_fg,Control
32.33091845302255,180807_paBBT_fg,Control
31.22124975946205,180807_paBBT_fg,Control
38.61228584623289,180807_paBBT_fg,Control
18.800022800546852,180807_paBBT_fg,Control
31.254029369459303,180807_paBBT_fg,Control
21.88622424106165,180807_paBBT_fg,Control
42.907792356180295,180807_paBBT_fg,Control
21.25896185661785,180807_paBBT_fg,Control
32.18380847631265,180807_paBBT_fg,Control
29.522598256329807,180807_paBBT_fg,Control
23.02245409183385,180807_paBBT_fg,Control
23.39164028357815,180807_paBBT_fg,Control
43.93218727207754,180807_paBBT_fg,Control
10.8024936457138,180807_paBBT_fg,Control
28.900523773386855,180807_paBBT_fg,Control
24.30055274975175,180807_paBBT_fg,Control
31.3761251687501,180807_paBBT_fg,Control
32.7976135617843,180807_paBBT_fg,Control
16.099009191545402,180807_paBBT_fg,Control
20.577072151183053,180807_paBBT_fg,Control
36.75683594031675,180807_paBBT_fg,Control
27.9776122156639,180807_paBBT_fg,Control
30.71377614092439,180807_paBBT_fg,Control
29.014438164206503,180807_paBBT_fg,Control
27.469386757158947,180807_paBBT_fg,Control
30.064585663709252,180807_paBBT_fg,Control
24.03242585901445,180807_paBBT_fg,Control
27.2299897701974,180807_paBBT_fg,Control
17.9603006308347,180807_paBBT_fg,Control
4.43722513259575,180807_paBBT_fg,Control
40.332748742490956,180807_paBBT_fg,Control
14.912108572301502,180807_paBBT_fg,Control
22.291054394109,180807_paBBT_fg,Control
23.440714159626,180807_paBBT_fg,Control
31.268236063689947,180807_paBBT_fg,Control
41.421158612289446,180807_paBBT_fg,Control
18.69120456544975,180807_paBBT_fg,Control
33.21073651948285,180807_paBBT_fg,Control
33.45911777713145,180807_paBBT_fg,Control
18.8589606768495,180807_paBBT_fg,Control
23.650426211692352,180807_paBBT_fg,Control
15.904715659812698,180807_paBBT_fg,Control
9.01889530142925,180807_paBBT_fg,Control
32.7665100584332,180807_paBBT_fg,Control
26.523541493256502,180807_paBBT_fg,Control
22.52675789217565,180807_paBBT_fg,Control
20.2874934362187,180807_paBBT_fg,Control
33.93994217571535,180807_paBBT_fg,Control
39.11454303573715,180807_paBBT_fg,Control
11.318010134182199,180807_paBBT_fg,Control
19.970602358128197,180807_paBBT_fg,Control
33.481030794030545,180807_paBBT_fg,Control
34.130745506251195,180807_paBBT_fg,Control
27.09275446430135,180807_paBBT_fg,Control
32.17221542219695,180807_paBBT_fg,Control
23.47994327988955,180807_paBBT_fg,Control
41.6779997193209,180807_paBBT_fg,Control
5.139106955329099,180807_paBBT_fg,Control
33.664040799829905,180807_paBBT_fg,Control
6.6269124716944505,180807_paBBT_fg,Control
26.99516758848445,180807_paBBT_fg,Control
32.824426600561054,180807_paBBT_fg,Control
36.5128793696544,180807_paBBT_fg,Control
16.71573060061385,180807_paBBT_fg,Control
36.951465193383704,180807_paBBT_fg,Control
38.671851667371705,180807_paBBT_fg,Control
35.81824173042095,180807_paBBT_fg,Control
24.585628642600398,180807_paBBT_fg,Control
42.499447362637795,180807_paBBT_fg,Control
32.139252947211645,180807_paBBT_fg,Control
20.1135555761722,180807_paBBT_fg,Control
37.25308672103565,180807_paBBT_fg,Control
13.845952045967097,180807_paBBT_fg,Control
36.57518238479075,180807_paBBT_fg,Control
16.5510671336326,180807_paBBT_fg,Control
40.633133974261796,180807_paBBT_fg,Control
18.4670840486436,180807_paBBT_fg,Control
29.03013412640425,180807_paBBT_fg,Control
6.1979343487952505,180807_paBBT_fg,Control
22.68658075987095,180807_paBBT_fg,Control
23.3441641124527,180807_paBBT_fg,Control
1.51307718219,180807_paBBT_fg,Control
2.3232017381886,180807_paBBT_fg,Control
37.692542838595855,180807_paBBT_fg,Control
26.902593758495602,180807_paBBT_fg,Control
13.604754257638849,180807_paBBT_fg,Control
29.887229719916053,180807_paBBT_fg,Control
30.183985238953102,180807_paBBT_fg,Control
19.9772737247869,180807_paBBT_fg,Control
21.4633000165638,180807_paBBT_fg,Control
16.29109036657655,180807_paBBT_fg,Control
39.7636565258478,180807_paBBT_fg,Control
16.0812134282522,180807_paBBT_fg,Control
39.579517972234854,180807_paBBT_fg,Control
23.5047097968427,180807_paBBT_fg,Control
32.921740085923446,180807_paBBT_fg,Control
13.362789349444698,180807_paBBT_fg,Control
33.9129822077984,180807_paBBT_fg,Control
27.2304878874284,180807_paBBT_fg,Control
34.473738823782945,180807_paBBT_fg,Control
38.940339322414005,180807_paBBT_fg,Control
8.336597768360049,180807_paBBT_fg,Control
17.114855965172147,180807_paBBT_fg,Control
29.81126251794845,180807_paBBT_fg,Control
36.27336730312285,180807_paBBT_fg,Control
23.33029606556385,180807_paBBT_fg,Control
23.597663401073852,180807_paBBT_fg,Control
12.7395334130841,180807_paBBT_fg,Control
36.692057462409046,180807_paBBT_fg,Control
18.356440480879353,180807_paBBT_fg,Control
24.9158147011189,180807_paBBT_fg,Control
32.71592899616314,180807_paBBT_fg,Control
32.66262320109205,180807_paBBT_fg,Control
28.0365112670392,180807_paBBT_fg,Control
21.654801892397252,180807_paBBT_fg,Control
17.262547469439653,180807_paBBT_fg,Treatment
6.9316075985233,180807_paBBT_fg,Treatment
27.136848941307147,180807_paBBT_fg,Treatment
30.567507294506953,180807_paBBT_fg,Treatment
24.2521428973353,180807_paBBT_fg,Treatment
31.36532337453215,180807_paBBT_fg,Treatment
25.21891269840725,180807_paBBT_fg,Treatment
10.7818387501441,180807_paBBT_fg,Treatment
25.8823050886397,180807_paBBT_fg,Treatment
24.17346657184085,180807_paBBT_fg,Treatment
17.517738334392302,180807_paBBT_fg,Treatment
10.463846115052998,180807_paBBT_fg,Treatment
23.8459410798003,180807_paBBT_fg,Treatment
13.899879070052698,180807_paBBT_fg,Treatment
12.96235938177335,180807_paBBT_fg,Treatment
15.910052648464001,180807_paBBT_fg,Treatment
19.376795350779748,180807_paBBT_fg,Treatment
29.815172119189548,180807_paBBT_fg,Treatment
26.87304711477555,180807_paBBT_fg,Treatment
21.595932821109447,180807_paBBT_fg,Treatment
22.076779756130353,180807_paBBT_fg,Treatment
25.691639709564356,180807_paBBT_fg,Treatment
27.354438620622552,180807_paBBT_fg,Treatment
22.12051769452445,180807_paBBT_fg,Treatment
12.48893166782655,180807_paBBT_fg,Treatment
18.540503549076302,180807_paBBT_fg,Treatment
30.047733492836898,180807_paBBT_fg,Treatment
6.79281548908645,180807_paBBT_fg,Treatment
23.5839605050093,180807_paBBT_fg,Treatment
16.877288797196353,180807_paBBT_fg,Treatment
18.649822565042747,180807_paBBT_fg,Treatment
11.135941753841399,180807_paBBT_fg,Treatment
12.0477532389699,180807_paBBT_fg,Treatment
23.687900146088,180807_paBBT_fg,Treatment
27.172528488988196,180807_paBBT_fg,Treatment
18.92075997835805,180807_paBBT_fg,Treatment
12.65500203117835,180807_paBBT_fg,Treatment
12.962904609939551,180807_paBBT_fg,Treatment
15.104139493532001,180807_paBBT_fg,Treatment
21.71045730572655,180807_paBBT_fg,Treatment
22.5112621962061,180807_paBBT_fg,Treatment
6.7875086037731,180807_paBBT_fg,Treatment
13.50933873559295,180807_paBBT_fg,Treatment
8.7176159342346,180807_paBBT_fg,Treatment
27.0727896480638,180807_paBBT_fg,Treatment
15.973434232339951,180807_paBBT_fg,Treatment
12.786628996350899,180807_paBBT_fg,Treatment
13.954328028887304,180807_paBBT_fg,Treatment
37.5278952925839,180807_paBBT_fg,Treatment
13.628446137824602,180807_paBBT_fg,Treatment
25.696520378480397,180807_paBBT_fg,Treatment
11.911280178643349,180807_paBBT_fg,Treatment
8.22830378172945,180807_paBBT_fg,Treatment
29.037829089597807,180807_paBBT_fg,Treatment
21.913812030813297,180807_paBBT_fg,Treatment
19.2574547803348,180807_paBBT_fg,Treatment
12.19079644323095,180807_paBBT_fg,Treatment
23.08426645664635,180807_paBBT_fg,Treatment
22.7627575226114,180807_paBBT_fg,Treatment
22.287808397156553,180807_paBBT_fg,Treatment
20.9199886721246,180807_paBBT_fg,Treatment
13.918515662995802,180807_paBBT_fg,Treatment
17.6513610718374,180807_paBBT_fg,Treatment
21.89030113041885,180807_paBBT_fg,Treatment
22.67028250921485,180807_paBBT_fg,Treatment
11.5779802037426,180807_paBBT_fg,Treatment
14.18731299252075,180807_paBBT_fg,Treatment
9.43128607716295,180807_paBBT_fg,Treatment
1.8696157835858502,180807_paBBT_fg,Treatment
11.14475697349765,180807_paBBT_fg,Treatment
18.204640003806556,180807_paBBT_fg,Treatment
11.0398389207019,180807_paBBT_fg,Treatment
16.03161206189405,180807_paBBT_fg,Treatment
20.4989393526325,180807_paBBT_fg,Treatment
27.7309401522868,180807_paBBT_fg,Treatment
24.87554656858615,180807_paBBT_fg,Treatment
15.192385630410302,180807_paBBT_fg,Treatment
20.915214902898104,180807_paBBT_fg,Treatment
31.094270491520753,180807_paBBT_fg,Treatment
16.92136137973245,180807_paBBT_fg,Treatment
15.449993246816849,180807_paBBT_fg,Treatment
12.83035187113955,180807_paBBT_fg,Treatment
24.8538824369724,180807_paBBT_fg,Treatment
12.835009235686801,180807_paBBT_fg,Treatment
21.79433300792785,180807_paBBT_fg,Treatment
21.7530850690646,180807_paBBT_fg,Treatment
17.79374920801405,180807_paBBT_fg,Treatment
18.2179267221982,180807_paBBT_fg,Treatment
29.987968058768548,180807_paBBT_fg,Treatment
17.844955254855105,180807_paBBT_fg,Treatment
31.334037512053854,180807_paBBT_fg,Treatment
16.56302030738565,180807_paBBT_fg,Treatment
37.092766116147956,180807_paBBT_fg,Treatment
22.571179237323953,180807_paBBT_fg,Treatment
17.64951139419525,180807_paBBT_fg,Treatment
20.50340024130005,180807_paBBT_fg,Treatment
19.85995015933925,180807_paBBT_fg,Treatment
16.14506533101365,180807_paBBT_fg,Treatment
35.80893171321535,180807_paBBT_fg,Treatment
15.708599017062749,180807_paBBT_fg,Treatment
22.02703571072165,180807_paBBT_fg,Treatment
28.637224503391245,180807_paBBT_fg,Treatment
15.0508698414614,180807_paBBT_fg,Treatment
13.142116330597,180807_paBBT_fg,Treatment
27.428130938949053,180807_paBBT_fg,Treatment
15.1525834533507,180807_paBBT_fg,Treatment
18.164020821022753,180807_paBBT_fg,Treatment
18.742185931160552,180807_paBBT_fg,Treatment
20.7545267988237,180807_paBBT_fg,Treatment
15.920745420689201,180807_paBBT_fg,Treatment
23.000290315202648,180807_paBBT_fg,Treatment
20.14228992844485,180807_paBBT_fg,Treatment
29.8635517048702,180807_paBBT_fg,Treatment
10.5049748449861,180807_paBBT_fg,Treatment
13.217134393525301,180807_paBBT_fg,Treatment
19.536708213039645,180807_paBBT_fg,Treatment
13.037816020866948,180807_paBBT_fg,Treatment
26.835676633964646,180807_paBBT_fg,Treatment
30.8392267543458,180807_paBBT_fg,Treatment
22.306125559294053,180807_paBBT_fg,Treatment
11.58626038958585,180807_paBBT_fg,Treatment
25.54959715853885,180807_paBBT_fg,Treatment
28.7669859154841,180807_paBBT_fg,Treatment
20.61095322567815,180807_paBBT_fg,Treatment
17.594352415472102,180807_paBBT_fg,Treatment
22.67696393006475,180807_paBBT_fg,Treatment
11.1182915737657,180807_paBBT_fg,Treatment
25.535825735384098,180807_paBBT_fg,Treatment
14.0707510148886,180807_paBBT_fg,Treatment
12.18046608315385,180807_paBBT_fg,Treatment
21.52031592764495,180807_paBBT_fg,Treatment
25.5206217966661,180807_paBBT_fg,Treatment
19.547313431462,180807_paBBT_fg,Treatment
12.44693113560755,180807_paBBT_fg,Treatment
14.60402647384805,180807_paBBT_fg,Treatment
22.079375348930352,180807_paBBT_fg,Treatment
21.40917264390585,180807_paBBT_fg,Treatment
17.2481078222008,180807_paBBT_fg,Treatment
14.224985375314903,180807_paBBT_fg,Treatment
13.815405507939552,180807_paBBT_fg,Treatment
10.48665040842775,180807_paBBT_fg,Treatment
26.849507959888,180807_paBBT_fg,Treatment
8.27813631394035,180807_paBBT_fg,Treatment
14.9549037589926,180807_paBBT_fg,Treatment
12.616735596044352,180807_paBBT_fg,Treatment
15.030618831741549,180807_paBBT_fg,Treatment
29.317514986924394,180807_paBBT_fg,Treatment
23.0351959083342,180807_paBBT_fg,Treatment
31.01483660946615,180807_paBBT_fg,Treatment
28.131990211999604,180807_paBBT_fg,Treatment
21.5445760023038,180807_paBBT_fg,Treatment
17.3560922956828,180807_paBBT_fg,Treatment
13.454818516724801,180807_paBBT_fg,Treatment
16.101253898021202,180807_paBBT_fg,Treatment
23.0804634140327,180807_paBBT_fg,Treatment
8.981803041259848,180807_paBBT_fg,Treatment
11.5632176434375,180807_paBBT_fg,Treatment
22.0016622530049,180807_paBBT_fg,Treatment
12.455848779661501,180807_paBBT_fg,Treatment
26.160388830965502,180807_paBBT_fg,Treatment
27.3944986858942,180807_paBBT_fg,Treatment
22.385486824913354,180807_paBBT_fg,Treatment
12.00760545372615,180807_paBBT_fg,Treatment
28.2635249721414,180807_paBBT_fg,Treatment
27.581893190372153,180807_paBBT_fg,Treatment
11.30067300471335,180807_paBBT_fg,Treatment
15.910100025157051,180807_paBBT_fg,Treatment
32.716440735920806,180807_paBBT_fg,Treatment
4.6297314898526505,180807_paBBT_fg,Treatment
21.051806645463948,180807_paBBT_fg,Treatment
22.989139768255303,180807_paBBT_fg,Treatment
18.210152142279,180807_paBBT_fg,Treatment
16.239227044215898,180807_paBBT_fg,Treatment
18.036175507733,180807_paBBT_fg,Treatment
24.87987947705825,180807_paBBT_fg,Treatment
21.511766887211248,180807_paBBT_fg,Treatment
34.32628475589675,180807_paBBT_fg,Treatment
24.12325192298245,180807_paBBT_fg,Treatment
16.5362648017004,180807_paBBT_fg,Treatment
13.71515547493775,180807_paBBT_fg,Treatment
7.0088265424169505,180807_paBBT_fg,Treatment
36.87622307814146,180807_paBBT_fg,Treatment
20.103424792349355,180807_paBBT_fg,Treatment
28.04733175773765,180807_paBBT_fg,Treatment
17.987691716022198,180807_paBBT_fg,Treatment
23.733203751460298,180807_paBBT_fg,Treatment
14.002449028815,180807_paBBT_fg,Treatment
33.16179915336,180807_paBBT_fg,Treatment
25.42376740111065,180807_paBBT_fg,Treatment
19.7861975102791,180807_paBBT_fg,Treatment
23.256714864550197,180807_paBBT_fg,Treatment
1.51415958848165,180807_paBBT_fg,Treatment
21.260576496654352,180807_paBBT_fg,Treatment
25.555668270426953,180807_paBBT_fg,Treatment
31.6979576354759,180807_paBBT_fg,Treatment
13.4155742124232,180807_paBBT_fg,Treatment
2.46406332865425,180807_paBBT_fg,Treatment
19.783816333382603,180807_paBBT_fg,Treatment
22.908773428831,180807_paBBT_fg,Treatment
12.34980915,190703_paBBT_fg,Control
13.513937349999999,190703_paBBT_fg,Control
10.460939750000001,190703_paBBT_fg,Control
38.85252645,190703_paBBT_fg,Control
37.3459662,190703_paBBT_fg,Control
27.911042199999997,190703_paBBT_fg,Control
24.3613264,190703_paBBT_fg,Control
28.130950100000003,190703_paBBT_fg,Control
11.289757100000001,190703_paBBT_fg,Control
24.3718128,190703_paBBT_fg,Control
25.33845775,190703_paBBT_fg,Control
30.73293915,190703_paBBT_fg,Control
10.080264300000001,190703_paBBT_fg,Control
37.16633565,190703_paBBT_fg,Control
12.621815349999999,190703_paBBT_fg,Control
36.63197035,190703_paBBT_fg,Control
16.821191300000002,190703_paBBT_fg,Control
31.529290850000002,190703_paBBT_fg,Control
18.836725899999998,190703_paBBT_fg,Control
19.757457249999998,190703_paBBT_fg,Control
14.330829000000001,190703_paBBT_fg,Control
12.643245249999998,190703_paBBT_fg,Control
25.802185699999995,190703_paBBT_fg,Control
3.3791613,190703_paBBT_fg,Control
21.74239955,190703_paBBT_fg,Control
8.7961209,190703_paBBT_fg,Control
25.997099750000004,190703_paBBT_fg,Control
20.68678785,190703_paBBT_fg,Control
14.79820945,190703_paBBT_fg,Control
21.43847215,190703_paBBT_fg,Control
12.1868201,190703_paBBT_fg,Control
20.551205600000003,190703_paBBT_fg,Control
25.971206550000005,190703_paBBT_fg,Control
28.626577350000005,190703_paBBT_fg,Control
38.62878225,190703_paBBT_fg,Control
15.8213581,190703_paBBT_fg,Control
30.37346915,190703_paBBT_fg,Control
10.2472308,190703_paBBT_fg,Control
18.164229199999998,190703_paBBT_fg,Control
13.1048268,190703_paBBT_fg,Control
8.781523400000001,190703_paBBT_fg,Control
20.11566825,190703_paBBT_fg,Control
30.73812555,190703_paBBT_fg,Control
29.226053800000003,190703_paBBT_fg,Control
31.44948845,190703_paBBT_fg,Control
17.2142468,190703_paBBT_fg,Control
32.56500985,190703_paBBT_fg,Control
37.6409805,190703_paBBT_fg,Control
37.621171399999994,190703_paBBT_fg,Control
19.862148350000002,190703_paBBT_fg,Control
23.04802375,190703_paBBT_fg,Control
13.366302,190703_paBBT_fg,Control
24.98596215,190703_paBBT_fg,Control
14.165264350000001,190703_paBBT_fg,Control
9.055080949999999,190703_paBBT_fg,Control
34.0713938,190703_paBBT_fg,Control
16.4559145,190703_paBBT_fg,Control
36.281673,190703_paBBT_fg,Control
38.02015735,190703_paBBT_fg,Control
23.702327899999997,190703_paBBT_fg,Control
13.123063599999998,190703_paBBT_fg,Control
32.90539845,190703_paBBT_fg,Control
19.3291237,190703_paBBT_fg,Control
37.805848049999994,190703_paBBT_fg,Control
18.3848639,190703_paBBT_fg,Control
24.711543149999997,190703_paBBT_fg,Control
24.469932949999997,190703_paBBT_fg,Control
24.67365065,190703_paBBT_fg,Control
34.38479185,190703_paBBT_fg,Control
5.3966802000000005,190703_paBBT_fg,Control
23.79253275,190703_paBBT_fg,Control
28.9184015,190703_paBBT_fg,Control
35.0367436,190703_paBBT_fg,Control
32.733692749999996,190703_paBBT_fg,Control
27.508207149999997,190703_paBBT_fg,Control
5.87126375,190703_paBBT_fg,Control
20.697968250000002,190703_paBBT_fg,Control
16.55586815,190703_paBBT_fg,Control
18.826386749999998,190703_paBBT_fg,Control
13.280179550000001,190703_paBBT_fg,Control
24.6060399,190703_paBBT_fg,Control
24.1046145,190703_paBBT_fg,Control
21.10872505,190703_paBBT_fg,Control
17.31582225,190703_paBBT_fg,Control
6.371555450000001,190703_paBBT_fg,Control
15.7490829,190703_paBBT_fg,Control
40.24965015,190703_paBBT_fg,Control
13.0458458,190703_paBBT_fg,Control
20.635138,190703_paBBT_fg,Control
27.40777365,190703_paBBT_fg,Control
33.63056745,190703_paBBT_fg,Control
32.93704335,190703_paBBT_fg,Control
35.58518135,190703_paBBT_fg,Control
20.1872352,190703_paBBT_fg,Control
8.11427695,190703_paBBT_fg,Control
29.310894600000005,190703_paBBT_fg,Control
39.49736455,190703_paBBT_fg,Control
3.8199754,190703_paBBT_fg,Control
23.2020227,190703_paBBT_fg,Control
13.618784400000001,190703_paBBT_fg,Control
21.934530149999997,190703_paBBT_fg,Control
28.36184605,190703_paBBT_fg,Control
29.90313045,190703_paBBT_fg,Control
7.8091822,190703_paBBT_fg,Control
39.7565484,190703_paBBT_fg,Control
8.564128300000002,190703_paBBT_fg,Control
11.780060500000001,190703_paBBT_fg,Control
29.223664050000004,190703_paBBT_fg,Control
15.082990400000002,190703_paBBT_fg,Control
26.243831550000003,190703_paBBT_fg,Control
31.309242449999996,190703_paBBT_fg,Control
25.1221633,190703_paBBT_fg,Control
34.22978745,190703_paBBT_fg,Control
26.0902009,190703_paBBT_fg,Control
29.084621100000003,190703_paBBT_fg,Control
10.813345550000001,190703_paBBT_fg,Control
31.082681550000004,190703_paBBT_fg,Control
20.475929649999998,190703_paBBT_fg,Control
38.1252661,190703_paBBT_fg,Control
36.296645299999994,190703_paBBT_fg,Control
16.776137300000002,190703_paBBT_fg,Control
26.872624249999998,190703_paBBT_fg,Control
16.68348025,190703_paBBT_fg,Control
20.9986084,190703_paBBT_fg,Control
12.982834949999999,190703_paBBT_fg,Control
20.41103845,190703_paBBT_fg,Control
12.788954550000001,190703_paBBT_fg,Control
34.249136299999996,190703_paBBT_fg,Control
33.584581549999996,190703_paBBT_fg,Control
21.344973799999998,190703_paBBT_fg,Control
35.359753,190703_paBBT_fg,Control
20.78032995,190703_paBBT_fg,Control
36.3031166,190703_paBBT_fg,Control
17.277161149999998,190703_paBBT_fg,Control
26.0353433,190703_paBBT_fg,Control
24.0315105,190703_paBBT_fg,Control
6.045700299999999,190703_paBBT_fg,Control
32.586872699999994,190703_paBBT_fg,Control
28.1516649,190703_paBBT_fg,Control
22.946241949999997,190703_paBBT_fg,Control
39.2772746,190703_paBBT_fg,Control
33.673398399999996,190703_paBBT_fg,Control
14.963447050000001,190703_paBBT_fg,Control
41.70491285000001,190703_paBBT_fg,Control
24.1884513,190703_paBBT_fg,Control
24.59901545,190703_paBBT_fg,Control
28.97681885,190703_paBBT_fg,Control
32.91326075,190703_paBBT_fg,Control
27.097575750000004,190703_paBBT_fg,Control
31.616002600000005,190703_paBBT_fg,Control
21.6162335,190703_paBBT_fg,Control
24.35207035,190703_paBBT_fg,Control
38.303652,190703_paBBT_fg,Control
10.438695000000001,190703_paBBT_fg,Control
16.44553975,190703_paBBT_fg,Control
35.523783200000004,190703_paBBT_fg,Control
28.55945345,190703_paBBT_fg,Control
25.98370515,190703_paBBT_fg,Control
24.5535492,190703_paBBT_fg,Control
24.8313881,190703_paBBT_fg,Control
21.21001115,190703_paBBT_fg,Control
23.187961899999998,190703_paBBT_fg,Control
7.28352185,190703_paBBT_fg,Control
35.7885193,190703_paBBT_fg,Control
20.2941209,190703_paBBT_fg,Control
34.8832615,190703_paBBT_fg,Control
26.614479350000003,190703_paBBT_fg,Control
40.25684315,190703_paBBT_fg,Control
29.264107550000002,190703_paBBT_fg,Control
4.996554349999999,190703_paBBT_fg,Control
13.0516537,190703_paBBT_fg,Control
31.539699799999998,190703_paBBT_fg,Control
32.24346905,190703_paBBT_fg,Control
13.338906150000001,190703_paBBT_fg,Control
14.450825100000001,190703_paBBT_fg,Control
38.84488075,190703_paBBT_fg,Control
39.8799893,190703_paBBT_fg,Control
29.864406799999998,190703_paBBT_fg,Control
10.71309785,190703_paBBT_fg,Control
13.441698999999998,190703_paBBT_fg,Control
28.125367699999998,190703_paBBT_fg,Control
38.85520955,190703_paBBT_fg,Control
39.0567779,190703_paBBT_fg,Control
38.15417005,190703_paBBT_fg,Control
16.6871669,190703_paBBT_fg,Control
24.726736,190703_paBBT_fg,Control
20.0210683,190703_paBBT_fg,Control
37.14722755,190703_paBBT_fg,Control
36.2640619,190703_paBBT_fg,Control
19.9735364,190703_paBBT_fg,Control
13.900460050000001,190703_paBBT_fg,Control
10.9607964,190703_paBBT_fg,Control
19.325788499999998,190703_paBBT_fg,Control
29.504736349999998,190703_paBBT_fg,Control
30.11129475,190703_paBBT_fg,Control
29.342865100000004,190703_paBBT_fg,Control
33.9991501,190703_paBBT_fg,Control
32.34434485,190703_paBBT_fg,Control
17.26453855,190703_paBBT_fg,Control
45.461425299999995,190703_paBBT_fg,Control
24.9947656,190703_paBBT_fg,Control
42.1494564,190703_paBBT_fg,Control
39.73347675,190703_paBBT_fg,Control
34.4760117,190703_paBBT_fg,Control
34.7813788,190703_paBBT_fg,Control
29.569520999999998,190703_paBBT_fg,Control
34.2030613,190703_paBBT_fg,Control
36.39239205,190703_paBBT_fg,Control
37.86966470000001,190703_paBBT_fg,Control
26.87281335,190703_paBBT_fg,Control
24.29738815,190703_paBBT_fg,Control
16.54820495,190703_paBBT_fg,Control
31.3356331,190703_paBBT_fg,Control
39.7123626,190703_paBBT_fg,Control
23.1436514,190703_paBBT_fg,Control
30.31159805,190703_paBBT_fg,Control
32.38335565,190703_paBBT_fg,Control
23.9807635,190703_paBBT_fg,Control
28.664246449999997,190703_paBBT_fg,Control
21.7485253,190703_paBBT_fg,Control
19.58800395,190703_paBBT_fg,Control
40.1215545,190703_paBBT_fg,Control
27.71793545,190703_paBBT_fg,Control
31.22214975,190703_paBBT_fg,Control
41.18008225,190703_paBBT_fg,Control
27.7469592,190703_paBBT_fg,Control
12.693742899999998,190703_paBBT_fg,Control
26.4705914,190703_paBBT_fg,Control
11.71039785,190703_paBBT_fg,Control
11.68754805,190703_paBBT_fg,Control
26.98316255,190703_paBBT_fg,Control
19.14739105,190703_paBBT_fg,Control
26.85024595,190703_paBBT_fg,Control
23.5014936,190703_paBBT_fg,Control
23.786053699999997,190703_paBBT_fg,Control
16.66235065,190703_paBBT_fg,Control
25.9103762,190703_paBBT_fg,Control
27.90795045,190703_paBBT_fg,Control
18.595272350000002,190703_paBBT_fg,Control
29.345058299999998,190703_paBBT_fg,Control
17.936796,190703_paBBT_fg,Control
17.63175855,190703_paBBT_fg,Control
34.0136684,190703_paBBT_fg,Control
17.31554575,190703_paBBT_fg,Control
20.7884946,190703_paBBT_fg,Control
29.957186949999997,190703_paBBT_fg,Control
38.890164950000006,190703_paBBT_fg,Control
27.640838350000003,190703_paBBT_fg,Control
29.52874765,190703_paBBT_fg,Control
6.72639495,190703_paBBT_fg,Control
27.56771905,190703_paBBT_fg,Control
26.5236135,190703_paBBT_fg,Control
24.0724284,190703_paBBT_fg,Control
42.41494395,190703_paBBT_fg,Control
26.447805250000002,190703_paBBT_fg,Control
16.23177205,190703_paBBT_fg,Control
41.557203799999996,190703_paBBT_fg,Control
26.54164195,190703_paBBT_fg,Control
29.91658935,190703_paBBT_fg,Control
33.07192255,190703_paBBT_fg,Control
6.8277385,190703_paBBT_fg,Control
30.65466315,190703_paBBT_fg,Control
18.2568089,190703_paBBT_fg,Control
21.813591149999997,190703_paBBT_fg,Control
28.11663625,190703_paBBT_fg,Control
30.25635855,190703_paBBT_fg,Control
19.51716315,190703_paBBT_fg,Control
9.251414800000001,190703_paBBT_fg,Control
26.900479899999997,190703_paBBT_fg,Treatment
21.5208976,190703_paBBT_fg,Treatment
34.903164,190703_paBBT_fg,Treatment
17.31994845,190703_paBBT_fg,Treatment
12.82280535,190703_paBBT_fg,Treatment
18.2047628,190703_paBBT_fg,Treatment
20.98992295,190703_paBBT_fg,Treatment
20.795160199999998,190703_paBBT_fg,Treatment
15.3958122,190703_paBBT_fg,Treatment
15.9556648,190703_paBBT_fg,Treatment
17.0366898,190703_paBBT_fg,Treatment
9.7369656,190703_paBBT_fg,Treatment
17.176056399999997,190703_paBBT_fg,Treatment
15.59228655,190703_paBBT_fg,Treatment
16.760277000000002,190703_paBBT_fg,Treatment
7.631081450000001,190703_paBBT_fg,Treatment
9.916721099999998,190703_paBBT_fg,Treatment
13.4190149,190703_paBBT_fg,Treatment
12.421197699999999,190703_paBBT_fg,Treatment
17.57340795,190703_paBBT_fg,Treatment
24.27652455,190703_paBBT_fg,Treatment
27.8080445,190703_paBBT_fg,Treatment
19.882273050000002,190703_paBBT_fg,Treatment
32.991730749999995,190703_paBBT_fg,Treatment
6.893178799999999,190703_paBBT_fg,Treatment
15.305383849999998,190703_paBBT_fg,Treatment
11.583286249999999,190703_paBBT_fg,Treatment
15.7829424,190703_paBBT_fg,Treatment
21.87798455,190703_paBBT_fg,Treatment
3.7587361,190703_paBBT_fg,Treatment
12.0415294,190703_paBBT_fg,Treatment
35.630111299999996,190703_paBBT_fg,Treatment
35.57366685,190703_paBBT_fg,Treatment
20.04160235,190703_paBBT_fg,Treatment
12.1557622,190703_paBBT_fg,Treatment
17.1692961,190703_paBBT_fg,Treatment
25.062328049999998,190703_paBBT_fg,Treatment
16.91720735,190703_paBBT_fg,Treatment
30.0125121,190703_paBBT_fg,Treatment
21.07403215,190703_paBBT_fg,Treatment
19.544424149999998,190703_paBBT_fg,Treatment
17.670834649999996,190703_paBBT_fg,Treatment
19.076432699999998,190703_paBBT_fg,Treatment
7.4732824,190703_paBBT_fg,Treatment
18.269017,190703_paBBT_fg,Treatment
14.65180455,190703_paBBT_fg,Treatment
17.2517638,190703_paBBT_fg,Treatment
21.9767333,190703_paBBT_fg,Treatment
18.5188493,190703_paBBT_fg,Treatment
16.09425565,190703_paBBT_fg,Treatment
36.44710285,190703_paBBT_fg,Treatment
20.4354751,190703_paBBT_fg,Treatment
2.7292225,190703_paBBT_fg,Treatment
24.4219681,190703_paBBT_fg,Treatment
12.170537949999998,190703_paBBT_fg,Treatment
18.499555649999998,190703_paBBT_fg,Treatment
8.607711400000001,190703_paBBT_fg,Treatment
19.534829300000002,190703_paBBT_fg,Treatment
10.35617355,190703_paBBT_fg,Treatment
9.556657800000002,190703_paBBT_fg,Treatment
21.095154100000002,190703_paBBT_fg,Treatment
17.669987550000002,190703_paBBT_fg,Treatment
14.30896225,190703_paBBT_fg,Treatment
21.8481542,190703_paBBT_fg,Treatment
16.02542135,190703_paBBT_fg,Treatment
7.4595541,190703_paBBT_fg,Treatment
22.873184100000003,190703_paBBT_fg,Treatment
16.352868349999998,190703_paBBT_fg,Treatment
19.768240300000002,190703_paBBT_fg,Treatment
25.7683297,190703_paBBT_fg,Treatment
10.38065905,190703_paBBT_fg,Treatment
5.6144622,190703_paBBT_fg,Treatment
21.2315976,190703_paBBT_fg,Treatment
13.551796,190703_paBBT_fg,Treatment
7.7126775,190703_paBBT_fg,Treatment
23.319057100000002,190703_paBBT_fg,Treatment
4.4574288,190703_paBBT_fg,Treatment
17.653108500000002,190703_paBBT_fg,Treatment
21.25082835,190703_paBBT_fg,Treatment
14.20962225,190703_paBBT_fg,Treatment
14.076019550000002,190703_paBBT_fg,Treatment
11.552813050000001,190703_paBBT_fg,Treatment
30.976855450000002,190703_paBBT_fg,Treatment
7.651875499999999,190703_paBBT_fg,Treatment
9.6283375,190703_paBBT_fg,Treatment
20.158279850000003,190703_paBBT_fg,Treatment
20.4673399,190703_paBBT_fg,Treatment
17.811689,190703_paBBT_fg,Treatment
4.89526195,190703_paBBT_fg,Treatment
10.599918050000001,190703_paBBT_fg,Treatment
21.95198955,190703_paBBT_fg,Treatment
11.96555045,190703_paBBT_fg,Treatment
11.785068599999999,190703_paBBT_fg,Treatment
13.950865400000001,190703_paBBT_fg,Treatment
11.746416,190703_paBBT_fg,Treatment
17.73581735,190703_paBBT_fg,Treatment
11.914019000000001,190703_paBBT_fg,Treatment
0.71481785,190703_paBBT_fg,Treatment
19.024100699999998,190703_paBBT_fg,Treatment
40.92841972887075,190711_paBBT_fg,Control
30.170652320621098,190711_paBBT_fg,Control
22.2228686651206,190711_paBBT_fg,Control
41.7607347041135,190711_paBBT_fg,Control
32.094630142487546,190711_paBBT_fg,Control
37.3515285150701,190711_paBBT_fg,Control
19.9697230096799,190711_paBBT_fg,Control
40.6057069233957,190711_paBBT_fg,Control
31.6707758979828,190711_paBBT_fg,Control
28.67910651385405,190711_paBBT_fg,Control
20.06567322878135,190711_paBBT_fg,Control
25.5673807902041,190711_paBBT_fg,Control
23.302772164580148,190711_paBBT_fg,Control
28.6083056664365,190711_paBBT_fg,Control
30.838657052462644,190711_paBBT_fg,Control
30.8906432417573,190711_paBBT_fg,Control
10.402284422790101,190711_paBBT_fg,Control
10.669925757865599,190711_paBBT_fg,Control
20.10111967644925,190711_paBBT_fg,Control
31.41206698126215,190711_paBBT_fg,Control
21.3772066288412,190711_paBBT_fg,Control
24.51789603535325,190711_paBBT_fg,Control
18.79721063929175,190711_paBBT_fg,Control
14.8114660663653,190711_paBBT_fg,Control
27.127758254976197,190711_paBBT_fg,Control
19.572553572829896,190711_paBBT_fg,Control
41.25894295650945,190711_paBBT_fg,Control
25.567855753666397,190711_paBBT_fg,Control
39.444824690902294,190711_paBBT_fg,Control
17.27299494764695,190711_paBBT_fg,Control
33.72502556881395,190711_paBBT_fg,Control
14.10875700610575,190711_paBBT_fg,Control
40.5091013301019,190711_paBBT_fg,Control
13.11923875489185,190711_paBBT_fg,Control
40.001311194828496,190711_paBBT_fg,Control
38.50110043272246,190711_paBBT_fg,Control
31.361005154564854,190711_paBBT_fg,Control
21.886914207304102,190711_paBBT_fg,Control
41.957969325267506,190711_paBBT_fg,Control
18.70825176834185,190711_paBBT_fg,Control
20.89489993990475,190711_paBBT_fg,Control
20.40739861536885,190711_paBBT_fg,Control
28.897108382561104,190711_paBBT_fg,Control
20.72449567119315,190711_paBBT_fg,Control
34.4497102534941,190711_paBBT_fg,Control
36.1078142504926,190711_paBBT_fg,Control
9.22357165203445,190711_paBBT_fg,Control
37.6944857062139,190711_paBBT_fg,Control
12.317169213746599,190711_paBBT_fg,Control
23.341900613026144,190711_paBBT_fg,Control
27.103082855631055,190711_paBBT_fg,Control
31.5446190324638,190711_paBBT_fg,Control
20.5704447789582,190711_paBBT_fg,Control
29.920451010802402,190711_paBBT_fg,Control
17.609394402859053,190711_paBBT_fg,Control
22.9645177302366,190711_paBBT_fg,Control
22.32715775603275,190711_paBBT_fg,Control
13.39416953620815,190711_paBBT_fg,Control
37.354421406114646,190711_paBBT_fg,Control
35.655493505995146,190711_paBBT_fg,Control
42.0778198728674,190711_paBBT_fg,Control
43.1251759692851,190711_paBBT_fg,Control
21.1171517842371,190711_paBBT_fg,Control
37.1341942180345,190711_paBBT_fg,Control
27.272436438694648,190711_paBBT_fg,Control
7.22359730215685,190711_paBBT_fg,Control
17.528625544949854,190711_paBBT_fg,Control
38.77011064550125,190711_paBBT_fg,Control
36.4377560542233,190711_paBBT_fg,Control
25.96742843248105,190711_paBBT_fg,Control
16.3696772964428,190711_paBBT_fg,Control
21.34155864635985,190711_paBBT_fg,Control
6.792125324217051,190711_paBBT_fg,Control
40.50914650875485,190711_paBBT_fg,Control
27.779345843330645,190711_paBBT_fg,Control
18.073458448998146,190711_paBBT_fg,Control
14.554509249732197,190711_paBBT_fg,Control
5.96780024721705,190711_paBBT_fg,Control
27.1171802032081,190711_paBBT_fg,Control
3.1885581889016,190711_paBBT_fg,Control
16.3859893543412,190711_paBBT_fg,Control
34.7795870349533,190711_paBBT_fg,Control
35.011268504916245,190711_paBBT_fg,Control
27.930799880785052,190711_paBBT_fg,Control
14.855584281176402,190711_paBBT_fg,Control
41.80378566771485,190711_paBBT_fg,Control
40.6373458656203,190711_paBBT_fg,Control
36.795878583789,190711_paBBT_fg,Control
24.51975908188715,190711_paBBT_fg,Control
31.439456969785653,190711_paBBT_fg,Control
7.40040632632865,190711_paBBT_fg,Control
17.1212494323579,190711_paBBT_fg,Control
34.43858250089505,190711_paBBT_fg,Control
26.419783602407648,190711_paBBT_fg,Control
37.966288780816896,190711_paBBT_fg,Control
2.7059479039707997,190711_paBBT_fg,Control
23.7487015590939,190711_paBBT_fg,Control
30.247250832172952,190711_paBBT_fg,Control
40.562133920856056,190711_paBBT_fg,Control
2.5839272154085,190711_paBBT_fg,Control
17.706070289451898,190711_paBBT_fg,Control
37.47235490777135,190711_paBBT_fg,Control
11.313935274871948,190711_paBBT_fg,Control
14.775639335768052,190711_paBBT_fg,Control
8.829694160925301,190711_paBBT_fg,Control
18.96223421040735,190711_paBBT_fg,Control
16.158306159348847,190711_paBBT_fg,Control
31.15914917082635,190711_paBBT_fg,Control
40.91390918000985,190711_paBBT_fg,Control
35.456203620014456,190711_paBBT_fg,Control
36.01470747986785,190711_paBBT_fg,Control
5.229578398811,190711_paBBT_fg,Control
16.93095575325565,190711_paBBT_fg,Control
39.14752479320139,190711_paBBT_fg,Control
31.202638689823647,190711_paBBT_fg,Control
12.379569748244,190711_paBBT_fg,Control
18.97444118903355,190711_paBBT_fg,Control
26.771019729359196,190711_paBBT_fg,Control
15.223059100204651,190711_paBBT_fg,Control
34.171126459143,190711_paBBT_fg,Control
28.139153026070353,190711_paBBT_fg,Control
30.942155736722306,190711_paBBT_fg,Control
19.3602136154816,190711_paBBT_fg,Control
16.052642292771,190711_paBBT_fg,Control
24.959754227370002,190711_paBBT_fg,Control
32.897205545805605,190711_paBBT_fg,Control
42.07364355506545,190711_paBBT_fg,Control
8.272253349783849,190711_paBBT_fg,Control
29.544859223866247,190711_paBBT_fg,Control
16.41976103237295,190711_paBBT_fg,Control
40.68369772694665,190711_paBBT_fg,Control
34.162170892345195,190711_paBBT_fg,Control
19.39334076986675,190711_paBBT_fg,Control
21.350467567567396,190711_paBBT_fg,Control
23.246466355193203,190711_paBBT_fg,Control
38.9144074848003,190711_paBBT_fg,Control
28.2093514165092,190711_paBBT_fg,Control
14.584980238952852,190711_paBBT_fg,Control
37.5242090480913,190711_paBBT_fg,Control
29.18118036777565,190711_paBBT_fg,Control
40.65036338112699,190711_paBBT_fg,Control
19.04914423168095,190711_paBBT_fg,Control
38.02300374672775,190711_paBBT_fg,Control
18.27207669665625,190711_paBBT_fg,Control
25.857112694746853,190711_paBBT_fg,Control
40.18822719244464,190711_paBBT_fg,Control
35.861772527463,190711_paBBT_fg,Control
10.726549303077551,190711_paBBT_fg,Control
27.968467365871003,190711_paBBT_fg,Control
9.1929136827721,190711_paBBT_fg,Control
29.723563437573354,190711_paBBT_fg,Control
19.093914132888102,190711_paBBT_fg,Control
25.823745946030147,190711_paBBT_fg,Control
15.446946693501651,190711_paBBT_fg,Control
37.0256340256211,190711_paBBT_fg,Control
42.58473043432285,190711_paBBT_fg,Control
35.0089501846344,190711_paBBT_fg,Control
39.901278017605705,190711_paBBT_fg,Control
18.65730806353125,190711_paBBT_fg,Control
17.61331087354155,190711_paBBT_fg,Control
27.552311341545497,190711_paBBT_fg,Control
38.73634985937179,190711_paBBT_fg,Control
19.2301644286559,190711_paBBT_fg,Control
36.860557461358454,190711_paBBT_fg,Control
20.86786595911685,190711_paBBT_fg,Control
36.814941259045845,190711_paBBT_fg,Control
33.87663936491225,190711_paBBT_fg,Control
35.305400916975955,190711_paBBT_fg,Control
13.0886522205996,190711_paBBT_fg,Control
28.560539406990898,190711_paBBT_fg,Control
37.88353081042005,190711_paBBT_fg,Control
22.7239520544725,190711_paBBT_fg,Control
9.26589906109265,190711_paBBT_fg,Control
25.564447312171403,190711_paBBT_fg,Control
42.6362603775774,190711_paBBT_fg,Control
33.9106023267807,190711_paBBT_fg,Control
30.699744046084554,190711_paBBT_fg,Control
31.766648144202048,190711_paBBT_fg,Control
19.496275211603198,190711_paBBT_fg,Control
37.11315627924436,190711_paBBT_fg,Control
17.09095111501395,190711_paBBT_fg,Control
28.341154536024547,190711_paBBT_fg,Control
40.845641748517494,190711_paBBT_fg,Control
15.4699354713426,190711_paBBT_fg,Control
34.15329319955515,190711_paBBT_fg,Control
38.535595257088104,190711_paBBT_fg,Control
29.162874327607202,190711_paBBT_fg,Control
10.513286214831401,190711_paBBT_fg,Control
43.725091047655454,190711_paBBT_fg,Control
26.927547967960553,190711_paBBT_fg,Control
18.499090128128103,190711_paBBT_fg,Control
2.14596406513295,190711_paBBT_fg,Control
17.134086906664102,190711_paBBT_fg,Control
15.225621383619847,190711_paBBT_fg,Control
16.89043485772285,190711_paBBT_fg,Control
15.520946966508497,190711_paBBT_fg,Control
33.6847204937424,190711_paBBT_fg,Control
39.21831499032561,190711_paBBT_fg,Control
43.697500988180096,190711_paBBT_fg,Control
11.50866017048695,190711_paBBT_fg,Control
12.24598994672745,190711_paBBT_fg,Control
40.826930400357455,190711_paBBT_fg,Control
29.317607094415198,190711_paBBT_fg,Control
37.364453106704396,190711_paBBT_fg,Control
37.871177697861796,190711_paBBT_fg,Control
40.58660410930949,190711_paBBT_fg,Control
14.8596218509927,190711_paBBT_fg,Control
24.721592443103102,190711_paBBT_fg,Control
12.857183121677448,190711_paBBT_fg,Control
41.834904843127795,190711_paBBT_fg,Control
29.54397051790705,190711_paBBT_fg,Control
36.13254321236395,190711_paBBT_fg,Control
37.826568946525,190711_paBBT_fg,Control
39.18164281332075,190711_paBBT_fg,Control
8.027078307127,190711_paBBT_fg,Control
33.92614914639,190711_paBBT_fg,Control
14.590719883755199,190711_paBBT_fg,Control
17.69146419834315,190711_paBBT_fg,Control
41.438435786543096,190711_paBBT_fg,Control
30.832745616386152,190711_paBBT_fg,Control
40.467770597400445,190711_paBBT_fg,Control
18.94794248394045,190711_paBBT_fg,Control
20.024582383632445,190711_paBBT_fg,Control
12.284858027027,190711_paBBT_fg,Control
41.14611212023016,190711_paBBT_fg,Control
39.41580032242395,190711_paBBT_fg,Control
23.326009055151,190711_paBBT_fg,Control
37.0522668322305,190711_paBBT_fg,Control
40.86346424462104,190711_paBBT_fg,Control
30.01808497387115,190711_paBBT_fg,Control
11.71511836684275,190711_paBBT_fg,Control
37.0847551106973,190711_paBBT_fg,Control
28.475089068218796,190711_paBBT_fg,Control
33.6415027154013,190711_paBBT_fg,Control
40.5500653427605,190711_paBBT_fg,Control
38.7286604843811,190711_paBBT_fg,Control
25.9019083398784,190711_paBBT_fg,Control
5.26116079576655,190711_paBBT_fg,Control
19.443108176342996,190711_paBBT_fg,Control
33.0508331523853,190711_paBBT_fg,Control
20.839276091014,190711_paBBT_fg,Control
22.51800494817615,190711_paBBT_fg,Control
33.03796403546505,190711_paBBT_fg,Control
33.465775336006296,190711_paBBT_fg,Control
29.990109761948453,190711_paBBT_fg,Control
26.301184488983896,190711_paBBT_fg,Control
29.02687483825185,190711_paBBT_fg,Control
17.982378178931253,190711_paBBT_fg,Control
36.00891924823755,190711_paBBT_fg,Control
12.65558764215945,190711_paBBT_fg,Control
38.6886833554192,190711_paBBT_fg,Control
36.96676250593086,190711_paBBT_fg,Control
38.190367096543795,190711_paBBT_fg,Control
17.31915914982065,190711_paBBT_fg,Control
15.243774446054001,190711_paBBT_fg,Control
33.37289741227085,190711_paBBT_fg,Control
28.666655134068954,190711_paBBT_fg,Control
36.39435960231611,190711_paBBT_fg,Control
2.82787499201,190711_paBBT_fg,Control
30.240346946373304,190711_paBBT_fg,Control
36.666911681917895,190711_paBBT_fg,Control
13.5596456267686,190711_paBBT_fg,Control
28.43949590093175,190711_paBBT_fg,Control
32.318360810422696,190711_paBBT_fg,Control
14.52537016118865,190711_paBBT_fg,Control
35.58078704619625,190711_paBBT_fg,Control
25.9294975400303,190711_paBBT_fg,Control
26.6675273910852,190711_paBBT_fg,Control
21.885538905963852,190711_paBBT_fg,Control
26.2954369951726,190711_paBBT_fg,Control
17.9174359862686,190711_paBBT_fg,Control
25.13504766434075,190711_paBBT_fg,Control
32.50450427381105,190711_paBBT_fg,Control
26.9610984118398,190711_paBBT_fg,Control
37.3139539611768,190711_paBBT_fg,Control
20.9355743031991,190711_paBBT_fg,Control
6.574482736932251,190711_paBBT_fg,Control
37.64353871332704,190711_paBBT_fg,Control
39.31906196673645,190711_paBBT_fg,Control
24.57473300685345,190711_paBBT_fg,Control
23.454560041644854,190711_paBBT_fg,Control
20.147749118392603,190711_paBBT_fg,Control
39.08305092450845,190711_paBBT_fg,Control
39.69720013978435,190711_paBBT_fg,Control
24.206438603852398,190711_paBBT_fg,Control
24.9954525420047,190711_paBBT_fg,Control
24.20749581598295,190711_paBBT_fg,Control
36.800513948348545,190711_paBBT_fg,Control
10.7418470001484,190711_paBBT_fg,Control
26.71674667656575,190711_paBBT_fg,Control
31.69697469550725,190711_paBBT_fg,Control
37.064048600331894,190711_paBBT_fg,Control
20.65624080528,190711_paBBT_fg,Control
33.2294987844745,190711_paBBT_fg,Control
9.93960429509225,190711_paBBT_fg,Control
18.9271889251622,190711_paBBT_fg,Control
41.6351271871854,190711_paBBT_fg,Control
26.5981226876713,190711_paBBT_fg,Control
37.271562245765544,190711_paBBT_fg,Control
12.85523921161715,190711_paBBT_fg,Control
26.78160750372065,190711_paBBT_fg,Control
37.2521953078454,190711_paBBT_fg,Control
37.489578751132605,190711_paBBT_fg,Control
39.37814003177446,190711_paBBT_fg,Control
28.635394458574297,190711_paBBT_fg,Control
27.137973154622554,190711_paBBT_fg,Control
26.980568971242246,190711_paBBT_fg,Control
26.027580420866002,190711_paBBT_fg,Control
19.6745814970298,190711_paBBT_fg,Control
42.96259065413875,190711_paBBT_fg,Control
24.3217112803005,190711_paBBT_fg,Control
31.02980327849695,190711_paBBT_fg,Control
33.5663729445444,190711_paBBT_fg,Control
23.30648531034495,190711_paBBT_fg,Control
36.590857682642955,190711_paBBT_fg,Control
27.372034325304,190711_paBBT_fg,Control
19.923668196883852,190711_paBBT_fg,Control
16.5989732915392,190711_paBBT_fg,Control
30.651778156875505,190711_paBBT_fg,Control
33.84717332881425,190711_paBBT_fg,Control
32.817790851337,190711_paBBT_fg,Control
33.028230172275244,190711_paBBT_fg,Control
23.58797632118285,190711_paBBT_fg,Control
38.0815130889915,190711_paBBT_fg,Control
13.205490103273151,190711_paBBT_fg,Control
38.249524125219395,190711_paBBT_fg,Control
33.64999899651535,190711_paBBT_fg,Control
32.84014756777865,190711_paBBT_fg,Control
24.217516312746497,190711_paBBT_fg,Control
35.9114776973824,190711_paBBT_fg,Control
38.782759537156245,190711_paBBT_fg,Control
32.11056472121015,190711_paBBT_fg,Control
37.628838086372745,190711_paBBT_fg,Control
36.083559357419546,190711_paBBT_fg,Control
8.602345051075298,190711_paBBT_fg,Control
22.407053573042198,190711_paBBT_fg,Control
26.09047326460875,190711_paBBT_fg,Control
22.79238044646285,190711_paBBT_fg,Control
31.904460139948497,190711_paBBT_fg,Control
37.49184630344125,190711_paBBT_fg,Control
27.237546078750952,190711_paBBT_fg,Control
27.03132352796655,190711_paBBT_fg,Control
19.240044692425947,190711_paBBT_fg,Control
26.22831923603045,190711_paBBT_fg,Control
36.6625831657572,190711_paBBT_fg,Control
26.4280567790453,190711_paBBT_fg,Control
25.952740839254147,190711_paBBT_fg,Control
26.737170512644703,190711_paBBT_fg,Control
33.568825970083104,190711_paBBT_fg,Control
25.7340126774254,190711_paBBT_fg,Control
37.1898811397197,190711_paBBT_fg,Control
37.78638915000995,190711_paBBT_fg,Control
31.365372422967603,190711_paBBT_fg,Control
43.797595751773045,190711_paBBT_fg,Control
34.25471253022785,190711_paBBT_fg,Control
31.47451205370515,190711_paBBT_fg,Control
27.45878404812115,190711_paBBT_fg,Control
19.115057816911605,190711_paBBT_fg,Control
32.88585160061295,190711_paBBT_fg,Control
25.55502470620495,190711_paBBT_fg,Control
41.543131295802205,190711_paBBT_fg,Control
11.663336934570898,190711_paBBT_fg,Control
36.17532059070346,190711_paBBT_fg,Control
35.7925484842252,190711_paBBT_fg,Control
44.690652828739246,190711_paBBT_fg,Control
16.92555787120345,190711_paBBT_fg,Control
44.75325556924685,190711_paBBT_fg,Control
24.097418816138198,190711_paBBT_fg,Control
37.577727390696545,190711_paBBT_fg,Control
34.262114536528,190711_paBBT_fg,Control
19.305017610500546,190711_paBBT_fg,Control
9.1202612134471,190711_paBBT_fg,Control
44.90769554293895,190711_paBBT_fg,Control
37.26464202550765,190711_paBBT_fg,Control
14.571575806243303,190711_paBBT_fg,Control
36.21383725544504,190711_paBBT_fg,Control
2.882830494676,190711_paBBT_fg,Control
16.4117605525987,190711_paBBT_fg,Control
27.355006774052104,190711_paBBT_fg,Control
25.3211031750397,190711_paBBT_fg,Control
17.54555045310375,190711_paBBT_fg,Control
19.82294821380605,190711_paBBT_fg,Control
38.6478720438237,190711_paBBT_fg,Control
15.3208138740982,190711_paBBT_fg,Control
23.52780168600275,190711_paBBT_fg,Control
33.792250333438695,190711_paBBT_fg,Control
40.528481164672904,190711_paBBT_fg,Control
14.380789807732,190711_paBBT_fg,Control
41.103284543567646,190711_paBBT_fg,Control
20.602661370175248,190711_paBBT_fg,Control
35.176713064914345,190711_paBBT_fg,Control
34.34967241582675,190711_paBBT_fg,Control
23.050033651683798,190711_paBBT_fg,Control
27.563022344690303,190711_paBBT_fg,Control
9.274758659028501,190711_paBBT_fg,Control
5.97252861393975,190711_paBBT_fg,Treatment
20.78331297707935,190711_paBBT_fg,Treatment
18.87319639126025,190711_paBBT_fg,Treatment
40.892127945128145,190711_paBBT_fg,Treatment
19.704487613116502,190711_paBBT_fg,Treatment
17.860300724173854,190711_paBBT_fg,Treatment
17.906958635723147,190711_paBBT_fg,Treatment
32.9612283614889,190711_paBBT_fg,Treatment
17.76342436443055,190711_paBBT_fg,Treatment
18.91522164577545,190711_paBBT_fg,Treatment
15.0538998864712,190711_paBBT_fg,Treatment
32.8282203608221,190711_paBBT_fg,Treatment
26.52532087385215,190711_paBBT_fg,Treatment
22.567250884823647,190711_paBBT_fg,Treatment
19.01815606105565,190711_paBBT_fg,Treatment
29.4245365393217,190711_paBBT_fg,Treatment
19.252811720257647,190711_paBBT_fg,Treatment
28.9606969740058,190711_paBBT_fg,Treatment
22.64425873963615,190711_paBBT_fg,Treatment
29.732725111115098,190711_paBBT_fg,Treatment
6.8589936981927,190711_paBBT_fg,Treatment
16.4167323575572,190711_paBBT_fg,Treatment
27.0159893021304,190711_paBBT_fg,Treatment
24.9114733378318,190711_paBBT_fg,Treatment
29.703144600772497,190711_paBBT_fg,Treatment
13.74551196800075,190711_paBBT_fg,Treatment
28.0264052760062,190711_paBBT_fg,Treatment
26.14109731837925,190711_paBBT_fg,Treatment
18.7767748451373,190711_paBBT_fg,Treatment
32.85116635709564,190711_paBBT_fg,Treatment
7.540589964512449,190711_paBBT_fg,Treatment
11.77956069002395,190711_paBBT_fg,Treatment
15.14546795882035,190711_paBBT_fg,Treatment
25.185218643985895,190711_paBBT_fg,Treatment
26.8137630556894,190711_paBBT_fg,Treatment
17.69803970279835,190711_paBBT_fg,Treatment
36.166864412054,190711_paBBT_fg,Treatment
30.116628849647846,190711_paBBT_fg,Treatment
20.850680591087603,190711_paBBT_fg,Treatment
23.979025300970054,190711_paBBT_fg,Treatment
10.3220319663997,190711_paBBT_fg,Treatment
17.661726195375053,190711_paBBT_fg,Treatment
24.5576118362807,190711_paBBT_fg,Treatment
12.4851472949718,190711_paBBT_fg,Treatment
9.43779111115325,190711_paBBT_fg,Treatment
28.0294618036324,190711_paBBT_fg,Treatment
22.89477403186795,190711_paBBT_fg,Treatment
14.453700312804548,190711_paBBT_fg,Treatment
22.37913014840545,190711_paBBT_fg,Treatment
25.79096521501475,190711_paBBT_fg,Treatment
22.84509271198445,190711_paBBT_fg,Treatment
19.820022673323752,190711_paBBT_fg,Treatment
26.197194403192853,190711_paBBT_fg,Treatment
4.2938554505675,190711_paBBT_fg,Treatment
18.1526115385281,190711_paBBT_fg,Treatment
23.624353825534445,190711_paBBT_fg,Treatment
15.6943541123761,190711_paBBT_fg,Treatment
14.5834936594273,190711_paBBT_fg,Treatment
26.752631121533998,190711_paBBT_fg,Treatment
10.210259394379149,190711_paBBT_fg,Treatment
16.360410750713097,190711_paBBT_fg,Treatment
20.892563942006397,190711_paBBT_fg,Treatment
26.808451481776746,190711_paBBT_fg,Treatment
32.69467044956015,190711_paBBT_fg,Treatment
21.838295554726855,190711_paBBT_fg,Treatment
30.05689314243975,190711_paBBT_fg,Treatment
31.40753954314055,190711_paBBT_fg,Treatment
26.9158782784016,190711_paBBT_fg,Treatment
11.152613366607,190711_paBBT_fg,Treatment
23.721968117640248,190711_paBBT_fg,Treatment
40.419263073089205,190711_paBBT_fg,Treatment
34.76450694673725,190711_paBBT_fg,Treatment
32.86024717650075,190711_paBBT_fg,Treatment
24.558878383572697,190711_paBBT_fg,Treatment
39.17948483247536,190711_paBBT_fg,Treatment
20.8897547469339,190711_paBBT_fg,Treatment
32.962373353048655,190711_paBBT_fg,Treatment
24.904899432786852,190711_paBBT_fg,Treatment
21.098854543078353,190711_paBBT_fg,Treatment
24.167704271085448,190711_paBBT_fg,Treatment
17.64982889645135,190711_paBBT_fg,Treatment
16.7570074352186,190711_paBBT_fg,Treatment
13.454101491725698,190711_paBBT_fg,Treatment
20.41917428180675,190711_paBBT_fg,Treatment
25.83610935343355,190711_paBBT_fg,Treatment
7.8743326724477996,190711_paBBT_fg,Treatment
22.9308225909811,190711_paBBT_fg,Treatment
33.88327314334389,190711_paBBT_fg,Treatment
25.910770258341554,190711_paBBT_fg,Treatment
24.736302389089897,190711_paBBT_fg,Treatment
23.1175720775432,190711_paBBT_fg,Treatment
25.084528501550153,190711_paBBT_fg,Treatment
17.935162971188145,190711_paBBT_fg,Treatment
32.2605332395183,190711_paBBT_fg,Treatment
25.0068364900632,190711_paBBT_fg,Treatment
15.152630445545348,190711_paBBT_fg,Treatment
33.9652313660388,190711_paBBT_fg,Treatment
25.9609345275143,190711_paBBT_fg,Treatment
17.8767525230619,190711_paBBT_fg,Treatment
21.754708796864854,190711_paBBT_fg,Treatment
25.244075157071,190711_paBBT_fg,Treatment
24.510871493303103,190711_paBBT_fg,Treatment
20.117678283505803,190711_paBBT_fg,Treatment
29.363622976061706,190711_paBBT_fg,Treatment
4.516210594925401,190711_paBBT_fg,Treatment
26.1581864679917,190711_paBBT_fg,Treatment
30.845574617916554,190711_paBBT_fg,Treatment
32.764257698677,190711_paBBT_fg,Treatment
20.359555223149197,190711_paBBT_fg,Treatment
22.31437087122565,190711_paBBT_fg,Treatment
27.40572689802695,190711_paBBT_fg,Treatment
8.230421912363099,190711_paBBT_fg,Treatment
26.928056744444394,190711_paBBT_fg,Treatment
34.553719576384054,190711_paBBT_fg,Treatment
22.679690971337298,190711_paBBT_fg,Treatment
22.01410908203205,190711_paBBT_fg,Treatment
11.76629837273295,190711_paBBT_fg,Treatment
9.875199313254598,190711_paBBT_fg,Treatment
29.20646646398995,190711_paBBT_fg,Treatment
27.579136271308354,190711_paBBT_fg,Treatment
15.5328045426177,190711_paBBT_fg,Treatment
5.38495614981085,190711_paBBT_fg,Treatment
4.6783856765729,190711_paBBT_fg,Treatment
31.83945731461985,190711_paBBT_fg,Treatment
28.78270592341135,190711_paBBT_fg,Treatment
24.20867275767465,190711_paBBT_fg,Treatment
23.11213055156325,190711_paBBT_fg,Treatment
28.02003383850775,190711_paBBT_fg,Treatment
15.205387061601003,190711_paBBT_fg,Treatment
32.872230096875896,190711_paBBT_fg,Treatment
27.921736705182347,190711_paBBT_fg,Treatment
21.103303215126896,190711_paBBT_fg,Treatment
24.383253280990946,190711_paBBT_fg,Treatment
28.244100526328054,190711_paBBT_fg,Treatment
15.749969531179348,190711_paBBT_fg,Treatment
23.117739857788447,190711_paBBT_fg,Treatment
23.82447625202365,190711_paBBT_fg,Treatment
14.795688432762551,190711_paBBT_fg,Treatment
28.5132407988703,190711_paBBT_fg,Treatment
23.376255888707853,190711_paBBT_fg,Treatment
17.43294330996715,190711_paBBT_fg,Treatment
17.728384598564354,190711_paBBT_fg,Treatment
29.050680247203648,190711_paBBT_fg,Treatment
9.904289017674849,190711_paBBT_fg,Treatment
26.171186501955145,190711_paBBT_fg,Treatment
10.25878854945855,190711_paBBT_fg,Treatment
20.0314455010174,190711_paBBT_fg,Treatment
23.0926989702298,190711_paBBT_fg,Treatment
1.4306041338852502,190711_paBBT_fg,Treatment
14.946976725682651,190711_paBBT_fg,Treatment
21.862488242882147,190711_paBBT_fg,Treatment
0.17729204324995002,190711_paBBT_fg,Treatment
30.241351970026148,190711_paBBT_fg,Treatment
4.4874943297418,190711_paBBT_fg,Treatment
15.363311719207301,190711_paBBT_fg,Treatment
15.112320140262947,190711_paBBT_fg,Treatment
19.37486288286695,190711_paBBT_fg,Treatment
18.9515146763636,190711_paBBT_fg,Treatment
27.23747063763245,190711_paBBT_fg,Treatment
10.49441768849575,190711_paBBT_fg,Treatment
24.918400969157354,190711_paBBT_fg,Treatment
14.985837084107098,190711_paBBT_fg,Treatment
34.1234242400703,190711_paBBT_fg,Treatment
13.703850932188951,190711_paBBT_fg,Treatment
8.904880733615801,190711_paBBT_fg,Treatment
15.632282166133551,190711_paBBT_fg,Treatment
26.0248930051795,190711_paBBT_fg,Treatment
38.34178535799689,190711_paBBT_fg,Treatment
25.41760879880275,190711_paBBT_fg,Treatment
22.526505074129552,190711_paBBT_fg,Treatment
20.439821666591452,190711_paBBT_fg,Treatment
3.2589894484375,190711_paBBT_fg,Treatment
13.870115098666599,190711_paBBT_fg,Treatment
21.082086457037803,190711_paBBT_fg,Treatment
18.12954004874295,190711_paBBT_fg,Treatment
31.990772246375855,190711_paBBT_fg,Treatment
3.94281349144415,190711_paBBT_fg,Treatment
33.54407901245251,190711_paBBT_fg,Treatment
20.96286861827175,190711_paBBT_fg,Treatment
25.569750840186202,190711_paBBT_fg,Treatment
19.5305108789731,190711_paBBT_fg,Treatment
19.501123159627802,190711_paBBT_fg,Treatment
30.25684207755815,190711_paBBT_fg,Treatment
28.90548019171725,190711_paBBT_fg,Treatment
21.480265368371498,190711_paBBT_fg,Treatment
18.896068624381947,190711_paBBT_fg,Treatment
30.201371699992404,190711_paBBT_fg,Treatment
12.72971046657035,190711_paBBT_fg,Treatment
21.0757616348656,190711_paBBT_fg,Treatment
33.4208146611859,190711_paBBT_fg,Treatment
2.1617973738700504,190711_paBBT_fg,Treatment
21.41198920887705,190711_paBBT_fg,Treatment
6.524472478382701,190711_paBBT_fg,Treatment
21.5451183616709,190711_paBBT_fg,Treatment
19.655848203562247,190711_paBBT_fg,Treatment
34.266519889402154,190711_paBBT_fg,Treatment
26.19151354225625,190711_paBBT_fg,Treatment
30.780239560004603,190711_paBBT_fg,Treatment
26.41139377221305,190711_paBBT_fg,Treatment
25.4248402818375,190711_paBBT_fg,Treatment
29.0817594839994,190711_paBBT_fg,Treatment
20.562909460457103,190711_paBBT_fg,Treatment
36.83482487973864,190711_paBBT_fg,Treatment
18.73943074096655,190711_paBBT_fg,Treatment
10.8081847824021,190711_paBBT_fg,Treatment
28.476848263634054,190711_paBBT_fg,Treatment
23.5733755468809,190711_paBBT_fg,Treatment
33.4545239052671,190711_paBBT_fg,Treatment
10.6991387812728,190711_paBBT_fg,Treatment
33.797881966098245,190711_paBBT_fg,Treatment
28.232723796166603,190711_paBBT_fg,Treatment
25.6600297838746,190711_paBBT_fg,Treatment
7.854184448700349,190711_paBBT_fg,Treatment
23.08518018946305,190711_paBBT_fg,Treatment
30.593320747296605,190711_paBBT_fg,Treatment
16.30176543107255,190711_paBBT_fg,Treatment
18.334999389675698,190711_paBBT_fg,Treatment
27.181261008749004,190711_paBBT_fg,Treatment
6.3465633176225005,190711_paBBT_fg,Treatment
31.201408141141446,190711_paBBT_fg,Treatment
15.425771480819698,190711_paBBT_fg,Treatment
12.8554541978108,190711_paBBT_fg,Treatment
22.315665860169197,190711_paBBT_fg,Treatment
22.010790707895996,190711_paBBT_fg,Treatment
21.50230114959715,190711_paBBT_fg,Treatment
19.1146007863003,190711_paBBT_fg,Treatment
22.5239318403116,190711_paBBT_fg,Treatment
23.9064022722326,190711_paBBT_fg,Treatment
7.0178126373245,190711_paBBT_fg,Treatment
3.56509340620215,190711_paBBT_fg,Treatment
32.9970295051056,190711_paBBT_fg,Treatment
27.77197620397355,190711_paBBT_fg,Treatment
29.892304844568752,190711_paBBT_fg,Treatment
18.423874331345303,190711_paBBT_fg,Treatment
21.21116629136705,190711_paBBT_fg,Treatment
12.836601348481302,190711_paBBT_fg,Treatment
23.3302924720468,190711_paBBT_fg,Treatment
27.5277031861611,190711_paBBT_fg,Treatment
19.8466867365002,190711_paBBT_fg,Treatment
10.453247874104303,190711_paBBT_fg,Treatment
24.9465987917183,190711_paBBT_fg,Treatment
28.08493434600775,190711_paBBT_fg,Treatment
18.90489636512235,190711_paBBT_fg,Treatment
8.9255324579794,190711_paBBT_fg,Treatment
27.4138835437951,190711_paBBT_fg,Treatment
31.7430346886632,190711_paBBT_fg,Treatment
19.921646229482,190711_paBBT_fg,Treatment
21.566205734647053,190711_paBBT_fg,Treatment
18.6868008650407,190711_paBBT_fg,Treatment
25.568931923170503,190711_paBBT_fg,Treatment
28.381157719810695,190711_paBBT_fg,Treatment
25.30069995661675,190711_paBBT_fg,Treatment
28.865904194311547,190711_paBBT_fg,Treatment
22.0155403523772,190711_paBBT_fg,Treatment
29.53182652348365,190711_paBBT_fg,Treatment
40.4014175526269,190711_paBBT_fg,Treatment
21.92848170376855,190711_paBBT_fg,Treatment
15.2432184516193,190711_paBBT_fg,Treatment
26.6018495516808,190711_paBBT_fg,Treatment
20.539178824426997,190711_paBBT_fg,Treatment
21.8453960205918,190711_paBBT_fg,Treatment
29.5205734315706,190711_paBBT_fg,Treatment
28.701837016006355,190711_paBBT_fg,Treatment
25.0863513027602,190711_paBBT_fg,Treatment
23.5807527056089,190711_paBBT_fg,Treatment
27.1644172083579,190711_paBBT_fg,Treatment
24.6532639475745,190711_paBBT_fg,Treatment
7.18272255372005,190711_paBBT_fg,Treatment
14.53603641465735,190711_paBBT_fg,Treatment
34.32990465513839,190711_paBBT_fg,Treatment
20.7344643334318,190711_paBBT_fg,Treatment
13.428548864350947,190711_paBBT_fg,Treatment
17.69081396521575,190711_paBBT_fg,Treatment
29.426262672576097,190711_paBBT_fg,Treatment
21.979508785433648,190711_paBBT_fg,Treatment
30.789572108617147,190711_paBBT_fg,Treatment
11.5028844600115,190711_paBBT_fg,Treatment
30.2443798252333,190711_paBBT_fg,Treatment
16.31220207156315,190711_paBBT_fg,Treatment
4.900827345503901,190711_paBBT_fg,Treatment
28.5537793232856,190711_paBBT_fg,Treatment
25.0769833452061,190711_paBBT_fg,Treatment
19.62361328852745,190711_paBBT_fg,Treatment
32.937588312973205,190711_paBBT_fg,Treatment
27.823246711084348,190711_paBBT_fg,Treatment
24.2821379166632,190711_paBBT_fg,Treatment
21.22557932192375,190711_paBBT_fg,Treatment
26.38645943630375,190711_paBBT_fg,Treatment
26.702336564571848,190711_paBBT_fg,Treatment
13.773058018355947,190711_paBBT_fg,Treatment
23.2687106646002,190711_paBBT_fg,Treatment
23.8135179962143,190711_paBBT_fg,Treatment
13.5569297398764,190711_paBBT_fg,Treatment
27.995175841191244,190711_paBBT_fg,Treatment
33.4309742095389,190711_paBBT_fg,Treatment
26.8872037918999,190711_paBBT_fg,Treatment
25.744730929626698,190711_paBBT_fg,Treatment
16.83947262056235,190711_paBBT_fg,Treatment
20.46643308027665,190711_paBBT_fg,Treatment
13.76537381992905,190711_paBBT_fg,Treatment
14.020984724880552,190711_paBBT_fg,Treatment
16.67234686818,190711_paBBT_fg,Treatment
35.57900179175735,190711_paBBT_fg,Treatment
10.05429870231525,190711_paBBT_fg,Treatment
12.3372680603287,190711_paBBT_fg,Treatment
10.69138909627455,190711_paBBT_fg,Treatment
10.950637252384848,190711_paBBT_fg,Treatment
19.5961746385984,190711_paBBT_fg,Treatment
30.064057208727252,190711_paBBT_fg,Treatment
19.49437328814295,190711_paBBT_fg,Treatment
27.798255763207397,190711_paBBT_fg,Treatment
28.051606192267304,190711_paBBT_fg,Treatment
14.347324477810751,190711_paBBT_fg,Treatment
25.644292779907452,190711_paBBT_fg,Treatment
22.52652663886275,190711_paBBT_fg,Treatment
34.05142029203714,190711_paBBT_fg,Treatment
8.46797946204735,190711_paBBT_fg,Treatment
9.68444477680775,190711_paBBT_fg,Treatment
32.275325868753,190711_paBBT_fg,Treatment
32.75284616109005,190711_paBBT_fg,Treatment
19.4822577243555,190711_paBBT_fg,Treatment
35.00798234979785,190711_paBBT_fg,Treatment
35.81956118390695,190711_paBBT_fg,Treatment
36.5004181532732,190711_paBBT_fg,Treatment
21.0024928220447,190711_paBBT_fg,Treatment
